compiler,case,scenario,mode,trial,checked_messages,worker_processes,signals_sent,basis,successor_all_attached_ns,successor_first_validated_read_ns,old_ready,old_unavailable_orphans
gcc,write_claim_ncq_1p1c_t000,write_claim,2,0,20000,7,1,terminal_notification,1684887,1754079,0,1
gcc,write_reserved_ncq_1p1c_t000,write_reserved,2,0,20000,7,1,terminal_notification,1596616,1669754,0,1
gcc,write_committed_ncq_1p1c_t000,write_committed,2,0,20000,7,1,terminal_notification,1888477,1951259,0,1
gcc,write_published_ncq_1p1c_t000,write_published,2,0,20000,7,1,terminal_notification,1720989,1764864,0,0
gcc,read_claim_ncq_1p1c_t000,read_claim,2,0,20000,7,1,terminal_notification,1581353,1718355,0,1
gcc,read_returning_ncq_1p1c_t000,read_returning,2,0,20000,7,1,terminal_notification,1855438,1926102,0,1
gcc,read_returned_ncq_1p1c_t000,read_returned,2,0,20000,7,1,terminal_notification,1617486,1690414,0,0
gcc,late_publication_ncq_1p1c_t000,late_publication,2,0,20000,7,1,false_suspicion,3026896,3099333,1,0
gcc,write_partial_ncq_1p1c_t000,write_partial,2,0,20000,7,1,terminal_notification,1714390,1781920,0,1
gcc,read_held_ncq_1p1c_t000,read_held,2,0,20000,7,1,terminal_notification,1728891,1801408,0,1
gcc,resume_write_ncq_1p1c_t000,resume_write,2,0,20000,7,1,false_suspicion,2664862,2717770,0,1
gcc,resume_read_ncq_1p1c_t000,resume_read,2,0,20000,7,1,false_suspicion,4066419,4135571,0,1
gcc,async_resume_write_ncq_1p1c_t000,async_resume_write,2,0,1012491,7,1,false_suspicion,63126061,63194452,0,4
gcc,write_partial_spsc_1p1c_t000,write_partial,1,0,10000,4,1,terminal_notification,1582370,1743748,0,0
gcc,read_held_spsc_1p1c_t000,read_held,1,0,10000,4,1,terminal_notification,1243936,1284525,0,0
gcc,resume_write_spsc_1p1c_t000,resume_write,1,0,10000,4,1,false_suspicion,1294180,1333077,0,0
gcc,resume_read_spsc_1p1c_t000,resume_read,1,0,10000,4,1,false_suspicion,1691451,1803536,0,0
gcc,random_abort_kill_ncq_1p1c_t000,random_abort_kill,2,0,20000,7,1,terminal_notification,1703714,1767839,0,0
gcc,storm_spsc_1p1c_t000,storm,1,0,32000,2,24,,,,0,0
gcc,storm_ncq_1p1c_t000,storm,2,0,32000,2,24,,,,0,0
gcc,storm_ncq_4p4c_t000,storm,2,0,32000,8,36,,,,0,0
gcc,storm_ncq_16p1c_t000,storm,2,0,32000,17,134,,,,0,0
gcc,storm_ncq_1p16c_t000,storm,2,0,32000,17,174,,,,0,0
gcc,storm_ncq_16p16c_t000,storm,2,0,32000,32,402,,,,0,0
gcc,storm_restart_spsc_1p1c_t000,storm_restart,1,0,32000,2,24,,,,0,0
gcc,storm_restart_ncq_1p1c_t000,storm_restart,2,0,32000,2,22,,,,0,0
gcc,storm_restart_ncq_4p4c_t000,storm_restart,2,0,32000,8,36,,,,0,0
gcc,storm_restart_ncq_16p1c_t000,storm_restart,2,0,32000,17,72,,,,0,0
gcc,storm_restart_ncq_1p16c_t000,storm_restart,2,0,32000,17,134,,,,0,0
gcc,storm_restart_ncq_16p16c_t000,storm_restart,2,0,32000,32,298,,,,0,0
gcc,write_claim_ncq_1p1c_t001,write_claim,2,1,20000,7,1,terminal_notification,1610787,1651096,0,1
gcc,write_reserved_ncq_1p1c_t001,write_reserved,2,1,20000,7,1,terminal_notification,1649284,1691116,0,1
gcc,write_committed_ncq_1p1c_t001,write_committed,2,1,20000,7,1,terminal_notification,1653309,1715051,0,1
gcc,write_published_ncq_1p1c_t001,write_published,2,1,20000,7,1,terminal_notification,1608413,1647972,0,0
gcc,read_claim_ncq_1p1c_t001,read_claim,2,1,20000,7,1,terminal_notification,1873324,1950398,0,1
gcc,read_returning_ncq_1p1c_t001,read_returning,2,1,20000,7,1,terminal_notification,1918441,1989466,0,1
gcc,read_returned_ncq_1p1c_t001,read_returned,2,1,20000,7,1,terminal_notification,1543027,1584158,0,0
gcc,late_publication_ncq_1p1c_t001,late_publication,2,1,20000,7,1,false_suspicion,3003927,3062403,1,0
gcc,write_partial_ncq_1p1c_t001,write_partial,2,1,20000,7,1,terminal_notification,1574964,1629905,0,1
gcc,read_held_ncq_1p1c_t001,read_held,2,1,20000,7,1,terminal_notification,1619960,1689463,0,1
gcc,resume_write_ncq_1p1c_t001,resume_write,2,1,20000,7,1,false_suspicion,2925301,2964709,0,1
gcc,resume_read_ncq_1p1c_t001,resume_read,2,1,20000,7,1,false_suspicion,3385310,3461042,0,1
gcc,async_resume_write_ncq_1p1c_t001,async_resume_write,2,1,1098100,7,1,false_suspicion,11367703,11427000,5,2
gcc,write_partial_spsc_1p1c_t001,write_partial,1,1,10000,4,1,terminal_notification,1662433,1761069,0,0
gcc,read_held_spsc_1p1c_t001,read_held,1,1,10000,4,1,terminal_notification,1839825,1939412,0,0
gcc,resume_write_spsc_1p1c_t001,resume_write,1,1,10000,4,1,false_suspicion,1534625,1622014,0,0
gcc,resume_read_spsc_1p1c_t001,resume_read,1,1,10000,4,1,false_suspicion,1490048,1615984,0,0
gcc,random_abort_kill_ncq_1p1c_t001,random_abort_kill,2,1,20000,7,1,terminal_notification,1906023,1987202,0,0
gcc,storm_spsc_1p1c_t001,storm,1,1,32000,2,72,,,,0,0
gcc,storm_ncq_1p1c_t001,storm,2,1,32000,2,54,,,,0,0
gcc,storm_ncq_4p4c_t001,storm,2,1,32000,8,84,,,,0,0
gcc,storm_ncq_16p1c_t001,storm,2,1,32000,17,210,,,,0,0
gcc,storm_ncq_1p16c_t001,storm,2,1,32000,17,292,,,,0,0
gcc,storm_ncq_16p16c_t001,storm,2,1,32000,32,230,,,,0,0
gcc,storm_restart_spsc_1p1c_t001,storm_restart,1,1,32000,2,78,,,,0,0
gcc,storm_restart_ncq_1p1c_t001,storm_restart,2,1,32000,2,22,,,,0,0
gcc,storm_restart_ncq_4p4c_t001,storm_restart,2,1,32000,8,68,,,,0,0
gcc,storm_restart_ncq_16p1c_t001,storm_restart,2,1,32000,17,130,,,,0,0
gcc,storm_restart_ncq_1p16c_t001,storm_restart,2,1,32000,17,250,,,,0,0
gcc,storm_restart_ncq_16p16c_t001,storm_restart,2,1,32000,32,350,,,,0,0
gcc,write_claim_ncq_1p1c_t002,write_claim,2,2,20000,7,1,terminal_notification,2251863,2325471,0,1
gcc,write_reserved_ncq_1p1c_t002,write_reserved,2,2,20000,7,1,terminal_notification,2009194,2082242,0,1
gcc,write_committed_ncq_1p1c_t002,write_committed,2,2,20000,7,1,terminal_notification,1933983,1998718,0,1
gcc,write_published_ncq_1p1c_t002,write_published,2,2,20000,7,1,terminal_notification,1924019,1996396,0,0
gcc,read_claim_ncq_1p1c_t002,read_claim,2,2,20000,7,1,terminal_notification,2238723,2342396,0,1
gcc,read_returning_ncq_1p1c_t002,read_returning,2,2,20000,7,1,terminal_notification,2099317,2344840,0,1
gcc,read_returned_ncq_1p1c_t002,read_returned,2,2,20000,7,1,terminal_notification,2010897,2079389,0,0
gcc,late_publication_ncq_1p1c_t002,late_publication,2,2,20000,7,1,false_suspicion,3605610,3688482,1,0
gcc,write_partial_ncq_1p1c_t002,write_partial,2,2,20000,7,1,terminal_notification,1885823,1954905,0,1
gcc,read_held_ncq_1p1c_t002,read_held,2,2,20000,7,1,terminal_notification,2088120,2159816,0,1
gcc,resume_write_ncq_1p1c_t002,resume_write,2,2,20000,7,1,false_suspicion,6490467,6560100,0,1
gcc,resume_read_ncq_1p1c_t002,resume_read,2,2,20000,7,1,false_suspicion,3812054,3880315,0,1
gcc,async_resume_write_ncq_1p1c_t002,async_resume_write,2,2,1809452,7,1,false_suspicion,13385820,13437016,1,1
gcc,write_partial_spsc_1p1c_t002,write_partial,1,2,10000,4,1,terminal_notification,1764734,1893073,0,0
gcc,read_held_spsc_1p1c_t002,read_held,1,2,10000,4,1,terminal_notification,1616495,1695131,0,0
gcc,resume_write_spsc_1p1c_t002,resume_write,1,2,10000,4,1,false_suspicion,1762290,1839504,0,0
gcc,resume_read_spsc_1p1c_t002,resume_read,1,2,10000,4,1,false_suspicion,1686388,1775149,0,0
gcc,random_abort_kill_ncq_1p1c_t002,random_abort_kill,2,2,20000,7,1,terminal_notification,1970237,2057887,0,0
gcc,storm_spsc_1p1c_t002,storm,1,2,32000,2,24,,,,0,0
gcc,storm_ncq_1p1c_t002,storm,2,2,32000,2,30,,,,0,0
gcc,storm_ncq_4p4c_t002,storm,2,2,32000,8,60,,,,0,0
gcc,storm_ncq_16p1c_t002,storm,2,2,32000,17,184,,,,0,0
gcc,storm_ncq_1p16c_t002,storm,2,2,32000,17,182,,,,0,0
gcc,storm_ncq_16p16c_t002,storm,2,2,32000,32,190,,,,0,0
gcc,storm_restart_spsc_1p1c_t002,storm_restart,1,2,32000,2,24,,,,0,0
gcc,storm_restart_ncq_1p1c_t002,storm_restart,2,2,32000,2,24,,,,0,0
gcc,storm_restart_ncq_4p4c_t002,storm_restart,2,2,32000,8,36,,,,0,0
gcc,storm_restart_ncq_16p1c_t002,storm_restart,2,2,32000,17,132,,,,0,0
gcc,storm_restart_ncq_1p16c_t002,storm_restart,2,2,32000,17,172,,,,0,0
gcc,storm_restart_ncq_16p16c_t002,storm_restart,2,2,32000,32,264,,,,0,0
clang,write_claim_ncq_1p1c_t000,write_claim,2,0,20000,7,1,terminal_notification,2078917,2148430,0,1
clang,write_reserved_ncq_1p1c_t000,write_reserved,2,0,20000,7,1,terminal_notification,1622394,1662603,0,1
clang,write_committed_ncq_1p1c_t000,write_committed,2,0,20000,7,1,terminal_notification,1530068,1570227,0,1
clang,write_published_ncq_1p1c_t000,write_published,2,0,20000,7,1,terminal_notification,1554624,1632179,0,0
clang,read_claim_ncq_1p1c_t000,read_claim,2,0,20000,7,1,terminal_notification,1955846,2029034,0,1
clang,read_returning_ncq_1p1c_t000,read_returning,2,0,20000,7,1,terminal_notification,1942236,1999591,0,1
clang,read_returned_ncq_1p1c_t000,read_returned,2,0,20000,7,1,terminal_notification,1547033,1616866,0,0
clang,late_publication_ncq_1p1c_t000,late_publication,2,0,20000,7,1,false_suspicion,3265548,3345506,1,0
clang,write_partial_ncq_1p1c_t000,write_partial,2,0,20000,7,1,terminal_notification,1799505,1838342,0,1
clang,read_held_ncq_1p1c_t000,read_held,2,0,20000,7,1,terminal_notification,1717464,1785405,0,1
clang,resume_write_ncq_1p1c_t000,resume_write,2,0,20000,7,1,false_suspicion,2982080,3048679,0,1
clang,resume_read_ncq_1p1c_t000,resume_read,2,0,20000,7,1,false_suspicion,3110184,3149993,0,1
clang,async_resume_write_ncq_1p1c_t000,async_resume_write,2,0,1008994,7,1,false_suspicion,11979957,12054737,9,2
clang,write_partial_spsc_1p1c_t000,write_partial,1,0,10000,4,1,terminal_notification,1698927,1781359,0,0
clang,read_held_spsc_1p1c_t000,read_held,1,0,10000,4,1,terminal_notification,2700475,2797989,0,0
clang,resume_write_spsc_1p1c_t000,resume_write,1,0,10000,4,1,false_suspicion,1757002,1912201,0,0
clang,resume_read_spsc_1p1c_t000,resume_read,1,0,10000,4,1,false_suspicion,1509708,1614443,0,0
clang,random_abort_kill_ncq_1p1c_t000,random_abort_kill,2,0,20000,7,1,terminal_notification,2127990,2170733,0,0
clang,storm_spsc_1p1c_t000,storm,1,0,32000,2,24,,,,0,0
clang,storm_ncq_1p1c_t000,storm,2,0,32000,2,30,,,,0,0
clang,storm_ncq_4p4c_t000,storm,2,0,32000,8,36,,,,0,0
clang,storm_ncq_16p1c_t000,storm,2,0,32000,17,66,,,,0,0
clang,storm_ncq_1p16c_t000,storm,2,0,32000,17,150,,,,0,0
clang,storm_ncq_16p16c_t000,storm,2,0,32000,32,290,,,,0,0
clang,storm_restart_spsc_1p1c_t000,storm_restart,1,0,32000,2,18,,,,0,0
clang,storm_restart_ncq_1p1c_t000,storm_restart,2,0,32000,2,26,,,,0,0
clang,storm_restart_ncq_4p4c_t000,storm_restart,2,0,32000,8,66,,,,0,0
clang,storm_restart_ncq_16p1c_t000,storm_restart,2,0,32000,17,140,,,,0,0
clang,storm_restart_ncq_1p16c_t000,storm_restart,2,0,32000,17,180,,,,0,0
clang,storm_restart_ncq_16p16c_t000,storm_restart,2,0,32000,32,152,,,,0,0
clang,write_claim_ncq_1p1c_t001,write_claim,2,1,20000,7,1,terminal_notification,1631828,1672959,0,1
clang,write_reserved_ncq_1p1c_t001,write_reserved,2,1,20000,7,1,terminal_notification,2419020,2535952,0,1
clang,write_committed_ncq_1p1c_t001,write_committed,2,1,20000,7,1,terminal_notification,2261497,2305102,0,1
clang,write_published_ncq_1p1c_t001,write_published,2,1,20000,7,1,terminal_notification,2117845,2190793,0,0
clang,read_claim_ncq_1p1c_t001,read_claim,2,1,20000,7,1,terminal_notification,2431207,2542251,0,1
clang,read_returning_ncq_1p1c_t001,read_returning,2,1,20000,7,1,terminal_notification,1790963,1871091,0,1
clang,read_returned_ncq_1p1c_t001,read_returned,2,1,20000,7,1,terminal_notification,1966832,2041903,0,0
clang,late_publication_ncq_1p1c_t001,late_publication,2,1,20000,7,1,false_suspicion,3094516,3152021,1,0
clang,write_partial_ncq_1p1c_t001,write_partial,2,1,20000,7,1,terminal_notification,2040962,2117656,0,1
clang,read_held_ncq_1p1c_t001,read_held,2,1,20000,7,1,terminal_notification,1762350,1830962,0,1
clang,resume_write_ncq_1p1c_t001,resume_write,2,1,20000,7,1,false_suspicion,3677872,3722287,0,1
clang,resume_read_ncq_1p1c_t001,resume_read,2,1,20000,7,1,false_suspicion,5813407,5875289,0,1
clang,async_resume_write_ncq_1p1c_t001,async_resume_write,2,1,1083851,7,1,false_suspicion,15593829,15656652,44,3
clang,write_partial_spsc_1p1c_t001,write_partial,1,1,10000,4,1,terminal_notification,1590958,1670806,0,0
clang,read_held_spsc_1p1c_t001,read_held,1,1,10000,4,1,terminal_notification,1665578,1743032,0,0
clang,resume_write_spsc_1p1c_t001,resume_write,1,1,10000,4,1,false_suspicion,1916949,1988705,0,0
clang,resume_read_spsc_1p1c_t001,resume_read,1,1,10000,4,1,false_suspicion,1792009,1964363,0,0
clang,random_abort_kill_ncq_1p1c_t001,random_abort_kill,2,1,20000,7,1,terminal_notification,1791303,1859694,0,0
clang,storm_spsc_1p1c_t001,storm,1,1,32000,2,18,,,,0,0
clang,storm_ncq_1p1c_t001,storm,2,1,32000,2,30,,,,0,0
clang,storm_ncq_4p4c_t001,storm,2,1,32000,8,68,,,,0,0
clang,storm_ncq_16p1c_t001,storm,2,1,32000,17,108,,,,0,0
clang,storm_ncq_1p16c_t001,storm,2,1,32000,17,126,,,,0,0
clang,storm_ncq_16p16c_t001,storm,2,1,32000,32,266,,,,0,0
clang,storm_restart_spsc_1p1c_t001,storm_restart,1,1,32000,2,18,,,,0,0
clang,storm_restart_ncq_1p1c_t001,storm_restart,2,1,32000,2,26,,,,0,0
clang,storm_restart_ncq_4p4c_t001,storm_restart,2,1,32000,8,36,,,,0,0
clang,storm_restart_ncq_16p1c_t001,storm_restart,2,1,32000,17,76,,,,0,0
clang,storm_restart_ncq_1p16c_t001,storm_restart,2,1,32000,17,190,,,,0,0
clang,storm_restart_ncq_16p16c_t001,storm_restart,2,1,32000,32,362,,,,0,0
clang,write_claim_ncq_1p1c_t002,write_claim,2,2,20000,7,1,terminal_notification,1995835,2096573,0,1
clang,write_reserved_ncq_1p1c_t002,write_reserved,2,2,20000,7,1,terminal_notification,1914946,2013982,0,1
clang,write_committed_ncq_1p1c_t002,write_committed,2,2,20000,7,1,terminal_notification,1852774,1923689,0,1
clang,write_published_ncq_1p1c_t002,write_published,2,2,20000,7,1,terminal_notification,1956277,2058778,0,0
clang,read_claim_ncq_1p1c_t002,read_claim,2,2,20000,7,1,terminal_notification,1987412,2059669,0,1
clang,read_returning_ncq_1p1c_t002,read_returning,2,2,20000,7,1,terminal_notification,2088422,2171224,0,1
clang,read_returned_ncq_1p1c_t002,read_returned,2,2,20000,7,1,terminal_notification,1968956,2037667,0,0
clang,late_publication_ncq_1p1c_t002,late_publication,2,2,20000,7,1,false_suspicion,4929463,4995220,1,0
clang,write_partial_ncq_1p1c_t002,write_partial,2,2,20000,7,1,terminal_notification,2001383,2087560,0,1
clang,read_held_ncq_1p1c_t002,read_held,2,2,20000,7,1,terminal_notification,1882438,1954714,0,1
clang,resume_write_ncq_1p1c_t002,resume_write,2,2,20000,7,1,false_suspicion,3806012,3880332,0,1
clang,resume_read_ncq_1p1c_t002,resume_read,2,2,20000,7,1,false_suspicion,3357114,3425184,0,1
clang,async_resume_write_ncq_1p1c_t002,async_resume_write,2,2,1935730,7,1,false_suspicion,12275893,12345906,52,4
clang,write_partial_spsc_1p1c_t002,write_partial,1,2,10000,4,1,terminal_notification,1971754,2042829,0,0
clang,read_held_spsc_1p1c_t002,read_held,1,2,10000,4,1,terminal_notification,1796200,1874436,0,0
clang,resume_write_spsc_1p1c_t002,resume_write,1,2,10000,4,1,false_suspicion,1767948,1854616,0,0
clang,resume_read_spsc_1p1c_t002,resume_read,1,2,10000,4,1,false_suspicion,1789750,1856759,0,0
clang,random_abort_kill_ncq_1p1c_t002,random_abort_kill,2,2,20000,7,1,terminal_notification,2101962,2172907,0,0
clang,storm_spsc_1p1c_t002,storm,1,2,32000,2,18,,,,0,0
clang,storm_ncq_1p1c_t002,storm,2,2,32000,2,30,,,,0,0
clang,storm_ncq_4p4c_t002,storm,2,2,32000,8,60,,,,0,0
clang,storm_ncq_16p1c_t002,storm,2,2,32000,17,50,,,,0,0
clang,storm_ncq_1p16c_t002,storm,2,2,32000,17,182,,,,0,0
clang,storm_ncq_16p16c_t002,storm,2,2,32000,32,264,,,,0,0
clang,storm_restart_spsc_1p1c_t002,storm_restart,1,2,32000,2,26,,,,0,0
clang,storm_restart_ncq_1p1c_t002,storm_restart,2,2,32000,2,30,,,,0,0
clang,storm_restart_ncq_4p4c_t002,storm_restart,2,2,32000,8,40,,,,0,0
clang,storm_restart_ncq_16p1c_t002,storm_restart,2,2,32000,17,124,,,,0,0
clang,storm_restart_ncq_1p16c_t002,storm_restart,2,2,32000,17,150,,,,0,0
clang,storm_restart_ncq_16p16c_t002,storm_restart,2,2,32000,32,500,,,,0,0
