compiler,cell,axis,runtime,mode,P,C,payload_bytes,capacity,trials,messages_each,arrival,hold_ns,checksum,median_messages_per_second,min_messages_per_second,max_messages_per_second,median_GB_per_second,min_GB_per_second,max_GB_per_second,median_trial_native_latency_p50_ns,median_trial_native_latency_p99_ns,median_trial_native_latency_p99_9_ns,median_trial_native_latency_max_ns,median_trial_offered_latency_p50_ns,median_trial_offered_latency_p99_ns,median_trial_offered_latency_p99_9_ns,median_trial_offered_latency_max_ns,median_trial_returned_latency_p50_ns,median_trial_returned_latency_p99_ns,median_trial_returned_latency_p99_9_ns,median_trial_returned_latency_max_ns
gcc,spsc-closed-small,arrival,native_c,spsc,1,1,64,32,3,20000,0,0,0,2918221.2274330305,1815254.4728097117,2931825.671300124,0.18676615855571396,0.11617628625982154,0.18763684296320793,130,215,275,19178,175,246,315,19359,185,265,376,44736
gcc,ncq-pop-1-1,population,native_c,ncq,1,1,64,32,3,20000,1,0,0,4676338.894279668,4416176.011111099,4832709.712417527,0.29928568923389876,0.28263526471111033,0.30929342159472173,1767,5463,21487,45903,1807,5502,21546,45933,1867,5563,21587,46003
gcc,ncq-pop-2-2,population,native_c,ncq,2,2,64,32,3,20000,1,0,0,6379044.074729226,4765721.8781900555,6381083.405864981,0.40825882078267045,0.3050062002041635,0.4083893379753588,4666,6675,27161,126228,4702,6715,27210,126268,4827,6805,27275,126348
gcc,ncq-pop-4-4,population,native_c,ncq,4,4,64,32,3,20000,1,0,0,2266809.8686020994,375678.44945181656,4329182.368971884,0.14507583159053436,0.02404342076491626,0.2770676716142006,346,6124,39263,194294,390,6160,39303,194324,506,6220,39409,1122787
gcc,ncq-pop-8-8,population,native_c,ncq,8,8,64,32,3,20000,1,0,0,1262875.3297051766,1016329.4155358858,2208566.4107085434,0.08082402110113131,0.0650450825942967,0.14134825028534678,2354,12419,21697,182046,2394,12484,21737,182096,2519,13736,22458,182137
gcc,ncq-pop-16-1,population,native_c,ncq,16,1,64,32,3,20000,1,0,0,8170.837484687329,7875.025825507349,8533.514201963306,0.000522933599019989,0.0005040016528324703,0.0005461449089256516,13250,16031727,35997319,1775967086,13290,16031767,35997359,1775967126,13460,16031977,35997689,1775967286
gcc,ncq-pop-1-16,population,native_c,ncq,1,16,64,32,3,20000,1,0,0,471536.8120301489,360065.56721965957,501190.82941067975,0.030178355969929533,0.02304419630205821,0.032076213082283506,6695,15989,28417,16023865,6735,16069,28457,16023895,7427,17240,29949,16030655
gcc,ncq-pop-16-16,population,native_c,ncq,16,16,64,32,3,20000,1,0,0,1004495.3678951729,842010.4616431817,1152410.8925647084,0.06428770354529106,0.05388866954516363,0.07375429712414133,7366,19424,92367,161060,7401,19464,92407,161100,7982,20335,92607,161270
gcc,ncq-closed-small,arrival,native_c,ncq,1,1,64,32,3,20000,0,0,0,763110.0688214632,738940.7631462457,775859.5039472434,0.04883904440457364,0.04729220884135973,0.049655008252623575,631,941,16234,210753,671,972,16274,210793,861,1242,19038,299847
gcc,spsc-saturation-small,population,native_c,spsc,1,1,64,32,3,20000,1,0,0,3697705.204150304,3482028.12120731,3807008.2834789734,0.23665313306561947,0.22284979975726782,0.2436485301426543,891,8203,207289,208080,922,8252,207329,208120,942,8263,207459,208140
gcc,ncq-fixed-rate,arrival,native_c,ncq,1,1,64,32,3,2048,2,0,0,99933.25746603416,99931.23384382027,99944.61077479034,0.0063957284778261864,0.006395598966004497,0.006396455089586582,266,21878,41758,51482,320,128474,216531,226301,361,22228,41848,51673
gcc,ncq-bursts,arrival,native_c,ncq,1,1,64,32,3,2048,3,0,0,101453.8867068212,101403.82906404068,101460.93340392663,0.006493048749236557,0.006489845060098603,0.006493499737851304,527,29519,29930,29980,3937,31454,34509,34849,627,29619,30020,30070
gcc,spsc-retained,retention,native_c,spsc,1,1,64,2,3,1024,1,100000,0,9630.791657375634,8121.01679095563,9775.992861386712,0.0006163706660720405,0.0005197450746211603,0.0006256635431287496,200323,361384,1040735,1731522,200363,361414,1040765,1731562,300472,481812,1140924,1831821
gcc,spsc-crc64,integrity,native_c,spsc,1,1,4096,32,3,1024,1,0,1,32150.21080836713,32083.53851602167,32453.1905511268,0.13168726347107176,0.13141417376162476,0.13292826849741537,58131,181976,214324,278220,58171,182006,214364,278300,58181,182026,214434,278280
gcc,spsc-helper-c-1m,runtime,native_c,spsc,1,1,1048576,8,3,1024,1,0,0,2302.5109851416246,2277.6149547521763,2326.4924534287443,2.4143577587558642,2.388252378794218,2.439504150846499,470776,803632,1375012,4025597,470846,803672,1375052,4025637,470986,803952,1375312,4026038
gcc,spsc-python-1m,runtime,python_helper,spsc,1,1,1048576,8,3,1024,1,0,0,11657.982437454384,9496.30715137772,13061.614005785019,12.224280592336168,9.957599767563044,13.696094967730033,95527,652892,899003,1309504,95737,653112,902258,1309825,101767,659912,905573,1318337
gcc,spsc-python-bytecode,runtime,python_bytecode,spsc,1,1,64,32,3,512,0,0,0,24233.127992282505,17701.27140764797,25386.11814669636,0.0015509201915060804,0.0011328813700894702,0.0016247115613885672,28152,95202,169191,169191,28352,95392,169362,169362,32428,101631,175721,175721
gcc,spsc-python-retained-gc,runtime,python_gc,spsc,1,1,64,32,3,256,1,100000,0,418.4563918502806,316.17264398748597,427.50189564527096,2.678120907841796e-05,2.0235049215199104e-05,2.7360121321297344e-05,37854122,74271485,93843597,93843597,37854383,74271675,93843777,93843777,37942153,117582089,127953005,127953005
gcc,spsc-llc-candidate,pool_size,native_c,spsc,1,1,67108864,2,3,16,1,0,0,266.94526854527174,259.940869950608,270.8608750878351,17.91439372224812,17.44433648955704,18.177165629190515,6970505,8151853,8151853,8151853,6970545,8152023,8152023,8152023,6971687,8152684,8152684,8152684
gcc,ncq-retained,retention,native_c,ncq,1,1,64,2,3,1024,1,100000,0,9504.33985885777,9478.47443546683,9748.944031797857,0.0006082777509668972,0.0006066223638698771,0.0006239324180350628,201214,387431,923239,970709,201254,387472,923279,970749,301629,547620,1023609,1071149
gcc,ncq-crc64,integrity,native_c,ncq,1,1,4096,32,3,1024,1,0,1,30567.66968623899,12412.724244833616,32363.539640784937,0.12520517503483491,0.05084251850683849,0.13256105836865512,83644,567344,585892,587234,83684,567384,585922,587274,83844,567534,586082,587574
gcc,ncq-helper-c-1m,runtime,native_c,ncq,1,1,1048576,8,3,1024,1,0,0,2326.104288082619,2296.9441018262955,2363.541126190324,2.43909712998052,2.40852045851661,2.478352499936145,463034,798202,1400159,1692404,463174,798242,1400189,1692444,463424,798703,1400640,1693335
gcc,ncq-python-1m,runtime,python_helper,ncq,1,1,1048576,8,3,1024,1,0,0,2217.4022355420584,2091.8500168950595,13868.89403994301,2.3251147665357492,2.193463723315754,14.542589436827283,484511,796836,1519727,1719715,484701,797206,1520028,1720045,491983,804988,1527288,1734427
gcc,ncq-python-bytecode,runtime,python_bytecode,ncq,1,1,64,32,3,512,0,0,0,25734.71221127676,23526.285017634604,26038.750339342892,0.0016470215815217125,0.0015056822411286146,0.0016664800217179453,28047,117130,288486,288486,28238,117320,288666,288666,32443,123780,296468,296468
gcc,ncq-python-retained-gc,runtime,python_gc,ncq,1,1,64,32,3,256,1,100000,0,373.0412616101588,342.0385177938798,384.6968072898446,2.3874640743050166e-05,2.1890465138808308e-05,2.4620595666550056e-05,40409981,88964689,102250279,102250279,40410252,88964869,102250459,102250459,40538623,130213695,156460446,156460446
gcc,ncq-llc-candidate,pool_size,native_c,ncq,1,1,67108864,2,3,16,1,0,0,254.62515858572084,249.9277357382838,259.527329363214,17.087605138507573,16.77236642748843,17.416584250519136,6893871,7640427,7640427,7640427,6894031,7640608,7640608,7640608,6895723,7643361,7643361,7643361
gcc,ncq-l2-candidate,pool_size,native_c,ncq,1,1,4096,1024,3,4096,1,0,0,1796922.3318050427,1619853.3273432506,2988528.8937335745,7.360193871073455,6.634919228797955,12.24101434873272,812,3525,22518,30891,852,3565,22558,30941,912,3616,22648,30991
gcc,ncq-yield-requests,os_faults,native_c,ncq,4,4,64,32,3,4096,1,0,0,54052.072468099184,34177.378575538096,259225.77311745193,0.0034593326379583475,0.002187352228834438,0.016590449479516923,2098,1411877,3995947,9409925,2138,1411917,3995987,9409966,2534,1412157,3996258,9410245
gcc,python-asymmetric-1-16,population,python_helper,ncq,1,16,64,32,3,512,1,0,0,10487.417260269163,9917.84710193631,12145.274082898375,0.0006711947046572264,0.0006347422145239239,0.000777297541305496,19845,124906,16101921,16101921,20025,125086,16102092,16102092,24652,129673,16122021,16122021
gcc,python-asymmetric-16-1,population,python_helper,ncq,16,1,64,32,3,512,1,0,0,6691.644361947854,6663.582417133049,7070.477469895923,0.0004282652391646627,0.00042646927469651517,0.0004525105580733391,475588,24426721,60444886,60444886,475768,24428153,60445267,60445267,482428,24431058,60449653,60449653
gcc,reported-same-l2,locality,native_c,spsc,1,1,64,32,3,20000,0,0,0,1234671.8575564018,1213324.6831372257,1273325.8979589732,0.0790189988836097,0.07765277972078244,0.08149285746937428,315,792,3325,118521,350,837,4346,118561,360,842,3385,118702
clang,spsc-closed-small,arrival,native_c,spsc,1,1,64,32,3,20000,0,0,0,2307081.0199559047,2298253.028925123,2553374.1371031688,0.1476531852771779,0.1470881938512079,0.1634159447746028,206,236,336,60285,246,276,376,60325,256,286,476,60336
clang,ncq-pop-1-1,population,native_c,ncq,1,1,64,32,3,20000,1,0,0,4977277.483966323,4849274.83944051,5396601.652007698,0.31854575897384463,0.31035358972419264,0.34538250572849266,2849,6745,47927,48538,2880,6795,47967,48578,2949,6845,48067,48668
clang,ncq-pop-2-2,population,native_c,ncq,2,2,64,32,3,20000,1,0,0,2295844.865170771,1718899.2890890376,2436557.524321108,0.14693407137092931,0.1100095545016984,0.1559396815565509,12739,24452,28758,417872,12779,24492,28798,417912,13225,25088,29819,418092
clang,ncq-pop-4-4,population,native_c,ncq,4,4,64,32,3,20000,1,0,0,1833579.888709035,1266323.1427455798,2074899.2999497252,0.11734911287737824,0.08104468113571711,0.1327935551967824,10431,17005,37756,4039207,10471,17080,37796,4039247,10630,17506,38147,4039437
clang,ncq-pop-8-8,population,native_c,ncq,8,8,64,32,3,20000,1,0,0,1706890.3922041536,1694060.7585055402,2027865.0970855625,0.10924098510106584,0.10841988854435458,0.129783366213476,4421,7777,20641,266602,4461,7817,20681,266632,4581,7916,20771,431888
clang,ncq-pop-16-1,population,native_c,ncq,16,1,64,32,3,20000,1,0,0,8490.03065960624,8104.096490543139,9059.286514800508,0.0005433619622147993,0.0005186621753947609,0.0005797943369472325,5208,16076098,35997629,1883971506,5248,16076138,35997669,1883971546,5349,16076158,35998079,1883971686
clang,ncq-pop-1-16,population,native_c,ncq,1,16,64,32,3,20000,1,0,0,455986.1947443624,359993.1673296841,787798.6997855139,0.029183116463639195,0.023039562709099782,0.050419116786272894,8087,14957,31897,16025276,8127,15006,31937,16025306,8632,18498,33059,16025927
clang,ncq-pop-16-16,population,native_c,ncq,16,16,64,32,3,20000,1,0,0,1044150.3850121818,920031.2939444323,1054640.6138092743,0.06682562464077964,0.058882002812443664,0.06749699928379356,6585,14551,25228,153955,6625,14611,25268,153995,7121,17096,25698,182602
clang,ncq-closed-small,arrival,native_c,ncq,1,1,64,32,3,20000,0,0,0,733622.9138607119,728731.54182214,774392.6622268412,0.04695186648708556,0.04663881867661696,0.04956113038251784,695,865,13024,71801,735,906,13415,71841,916,1197,16049,75287
clang,spsc-saturation-small,population,native_c,spsc,1,1,64,32,3,20000,1,0,0,2347035.7583806487,2146414.9022152396,2540178.3179777437,0.1502102885363615,0.13737055374177534,0.1625714123505756,635,3480,174765,214354,675,3520,174805,214384,685,3570,174815,214464
clang,ncq-fixed-rate,arrival,native_c,ncq,1,1,64,32,3,2048,2,0,0,99685.74167286984,96147.30518304865,99699.90717393409,0.006379887467063671,0.006153427531715113,0.0063807940591317815,737,7656,90370,109558,797,151312,902177,921005,946,7886,90570,109788
clang,ncq-bursts,arrival,native_c,ncq,1,1,64,32,3,2048,3,0,0,101199.41567220204,101198.44055574942,101233.03117151876,0.006476762603020931,0.006476700195567963,0.006478913994977201,1037,45523,45984,73795,9358,336102,347348,348390,1257,45734,46184,74005
clang,spsc-retained,retention,native_c,spsc,1,1,64,2,3,1024,1,100000,0,9663.525388633914,9533.139978166502,9760.674830181177,0.0006184656248725705,0.0006101209586026561,0.0006246831891315954,200498,303687,779651,850041,200538,303727,779681,850081,300668,410061,879960,950190
clang,spsc-crc64,integrity,native_c,spsc,1,1,4096,32,3,1024,1,0,1,42631.08392195314,41419.5365032519,43574.583047836124,0.1746169197443201,0.16965442151731977,0.17848149216393677,55253,308179,336652,338194,55293,308219,336692,338234,55303,308229,336702,338334
clang,spsc-helper-c-1m,runtime,native_c,spsc,1,1,1048576,8,3,1024,1,0,0,2283.970357089241,2273.0623900086975,2284.4795551104567,2.3949165011552083,2.38347866866576,2.3954504339795024,463140,780883,1325894,1564729,463190,780953,1325934,1564769,463380,780973,1326054,1565020
clang,spsc-python-1m,runtime,python_helper,spsc,1,1,1048576,8,3,1024,1,0,0,9477.197875793456,2141.692976758352,12858.138394202848,9.937562239807997,2.245727854797366,13.482735324839645,93118,856079,1358857,1421901,93319,856280,1359138,1422112,98697,862959,1370415,1428911
clang,spsc-python-bytecode,runtime,python_bytecode,spsc,1,1,64,32,3,512,0,0,0,26975.466919252576,23672.406809201373,27617.957130996987,0.0017264298828321648,0.0015150340357888879,0.0017675492563838072,27721,82819,218441,218441,27911,83019,218631,218631,31878,92974,229197,229197
clang,spsc-python-retained-gc,runtime,python_gc,spsc,1,1,64,32,3,256,1,100000,0,410.83270056003494,394.20114228465724,419.738381690373,2.6293292835842235e-05,2.522887310621806e-05,2.6863256428183873e-05,42637772,79659280,91027830,91027830,42638383,79659460,91028031,91028031,42694787,120701617,133359567,133359567
clang,spsc-llc-candidate,pool_size,native_c,spsc,1,1,67108864,2,3,16,1,0,0,248.2561287029283,244.28960080239364,266.79904790758764,16.660186778291312,16.393997596862125,17.904581021359782,6570154,7645615,7645615,7645615,6570305,7645785,7645785,7645785,6571726,7647918,7647918,7647918
clang,ncq-retained,retention,native_c,ncq,1,1,64,2,3,1024,1,100000,0,9841.991062472538,9612.903309992034,9884.991884218944,0.0006298874279982424,0.0006152258118394901,0.0006326394805900124,201224,247363,384096,388112,201255,247403,384136,388152,301604,368663,488552,488642
clang,ncq-crc64,integrity,native_c,ncq,1,1,4096,32,3,1024,1,0,1,43141.29642460608,42145.4451659977,43161.691705646364,0.1767067501551865,0.17262774339992656,0.17679028922632753,42394,88832,128241,169773,42434,88862,128271,169803,42603,89132,128441,170083
clang,ncq-helper-c-1m,runtime,native_c,ncq,1,1,1048576,8,3,1024,1,0,0,49634.20944822076,4223.612794489598,50784.12373234347,52.04524080637753,4.428779009594725,53.25101332676578,114025,308394,422454,422654,114064,308444,422484,422704,114174,308524,422554,422774
clang,ncq-python-1m,runtime,python_helper,ncq,1,1,1048576,8,3,1024,1,0,0,7603.707309276762,2765.9834215813503,11835.412135634007,7.973064995532191,2.900343832268086,12.410329115534566,136132,1408752,2437043,3337613,136443,1408992,2437273,3337783,145667,1415272,2455340,3345685
clang,ncq-python-bytecode,runtime,python_bytecode,ncq,1,1,64,32,3,512,0,0,0,26599.739229040846,23980.357089998655,26685.072417397063,0.0017023833106586143,0.0015347428537599139,0.001707844634713412,28102,94215,142322,142322,28302,94426,142602,142602,32509,101305,163023,163023
clang,ncq-python-retained-gc,runtime,python_gc,ncq,1,1,64,32,3,256,1,100000,0,410.6650147067564,398.8256174636515,414.0418790389492,2.6282560941232408e-05,2.5524839517673696e-05,2.649868025849275e-05,36270690,78968461,87524557,87524557,36270891,78968651,87524737,87524737,36275878,118557681,131293182,131293182
clang,ncq-llc-candidate,pool_size,native_c,ncq,1,1,67108864,2,3,16,1,0,0,258.44953089633304,214.4713986438598,261.85280399592614,17.34425441978581,14.392931923480573,17.572644211381267,7403835,9014913,9014913,9014913,7404005,9014953,9014953,9014953,7405307,9017347,9017347,9017347
clang,ncq-l2-candidate,pool_size,native_c,ncq,1,1,4096,1024,3,4096,1,0,0,1526505.3276750273,519343.31978805823,2409353.6567647485,6.252565822156912,2.1272302378518866,9.86871257810841,2759,64997,66499,66660,2799,65027,66539,66700,2959,65087,66589,66750
clang,ncq-yield-requests,os_faults,native_c,ncq,4,4,64,32,3,4096,1,0,0,85584.40052128756,42748.225382462246,353664.4943124429,0.005477401633362404,0.0027358864244775836,0.022634527635996344,4807,2314364,3729482,10037901,4847,2314394,3729512,10037941,5028,2314574,3729802,10038121
clang,python-asymmetric-1-16,population,python_helper,ncq,1,16,64,32,3,512,1,0,0,10600.17464201792,9917.43637368939,11643.724852141182,0.0006784111770891469,0.000634715927916121,0.0007451983905370356,18523,75988,16097564,16097564,18713,77030,16097744,16097744,23079,94080,16119868,16119868
clang,python-asymmetric-16-1,population,python_helper,ncq,16,1,64,32,3,512,1,0,0,6793.039580985152,6734.516304612537,7940.149756497163,0.0004347545331830497,0.0004310090434952024,0.0005081695844158184,514917,24482429,60438056,60438056,515107,24482640,60438596,60438596,519163,24486576,60442172,60442172
clang,reported-same-l2,locality,native_c,spsc,1,1,64,32,3,20000,0,0,0,928796.8110690289,884765.6841859857,982109.404041282,0.059442995908417846,0.05662500378790308,0.06285500185864205,591,841,20476,128807,631,877,20516,128848,641,892,20626,128867
